{
	"description": "项目配置文件。",
	"packOptions": {
		"ignore": []
	},
	"setting": {
		"urlCheck": true,
		"es6": true,
		"enhance": true,
		"postcss": true,
		"minified": true,
		"newFeature": true,
		"coverView": true,
		"nodeModules": true,
		"autoAudits": false,
		"checkInvalidKey": true,
		"checkSiteMap": true,
		"uploadWithSourceMap": true,
		"babelSetting": {
			"ignore": [],
			"disablePlugins": [],
			"outputPath": ""
		}
	},
	"compileType": "miniprogram",
	"libVersion": "2.8.3",
	"appid": "wxa6cda9559941b008",
	"projectname": "%E7%A9%BA%E4%B8%AD%E6%9C%8D%E5%8A%A1--%E7%94%9F%E4%BA%A7",
	"isGameTourist": false,
	"scripts": {
		"beforeCompile": "",
		"beforePreview": "",
		"beforeUpload": ""
	},
	"simulatorType": "wechat",
	"simulatorPluginLibVersion": {},
	"condition": {
		"search": {
			"current": -1,
			"list": []
		},
		"conversation": {
			"current": -1,
			"list": []
		},
		"plugin": {
			"current": -1,
			"list": []
		},
		"game": {
			"currentL": -1,
			"list": []
		},
		"miniprogram": {
			"current": 5,
			"list": [
				{
					"id": 0,
					"name": "服务",
					"pathName": "pages/service/service",
					"query": "",
					"scene": null
				},
				{
					"id": -1,
					"name": "我的",
					"pathName": "pages/mine/mine",
					"query": "",
					"scene": null
				},
				{
					"id": 2,
					"name": "1",
					"pathName": "pages/videopage/video/video",
					"query": "",
					"scene": null
				},
				{
					"id": 3,
					"name": "2",
					"pathName": "pages/videopage/index/index",
					"query": "",
					"scene": null
				},
				{
					"id": 4,
					"name": "网点",
					"pathName": "pages/dotmap/dotmaplocation/dotmaplocation",
					"query": "",
					"scene": null
				},
				{
					"id": -1,
					"name": "pages/index/index",
					"pathName": "pages/index/index",
					"query": "shareobj=%7B%22shareOpenid%22%3A%2249748deb1359c8e0023f6eb894734e6d602db1e68bd101c98bd4827398501ff1%22%2C%22shareUnionid%22%3A%22%22%2C%22shareTime%22%3A%222019-09-16%2016%3A46%3A30%22%2C%22sharePage%22%3A%22%2Fpages%2Findex%2Findex%22%7D",
					"scene": null
				}
			]
		}
	}
}